25.35099039,3.50682019,0.08583449,0.07579159,-0.01323321
11.65901890,2.70323450,0.07667770,0.08239187,0.00551121
12.62581048,16.10962191,0.07554868,0.09116311,0.00656407
16.05179005,6.78232669,0.06591004,0.08336524,0.00579980
30.11037845,10.38785650,0.08422732,0.09524639,-0.01800352
29.91007920,28.38120122,0.08742068,0.08433345,0.00518041
4.62030014,3.21923193,0.07465081,0.07289168,0.02099368
6.09806875,30.97319256,0.10762307,0.08742551,-0.00415100
11.28354596,6.26078349,0.08671850,0.07979246,0.01241522
30.12521132,17.26055896,0.09711048,0.05872963,0.01159583
3.01387768,3.30019236,0.06786412,0.09766405,-0.00560615
27.47215756,5.98924002,0.09316533,0.08911868,0.00375321
29.05701826,25.55439338,0.08892488,0.06002191,-0.00771218
21.83116917,27.75769295,0.09209015,0.12568220,-0.00278615
0.94066279,9.00321545,0.08309181,0.07170440,0.00570425
31.08322230,28.67102914,0.10775705,0.08170560,0.01309896
8.50919839,30.34654914,0.08480545,0.07264313,-0.01385894
10.41929281,28.11934599,0.11370467,0.07397943,0.02501223
9.60522458,15.64790722,0.07175893,0.08020144,0.01009983
29.32254782,22.44290537,0.10215642,0.06019558,0.01298472
11.12329086,14.22808845,0.12602793,0.07389443,0.00527647
8.98035761,22.62930777,0.07087214,0.06864201,-0.00811043
3.88446500,8.38260966,0.10207991,0.05900947,-0.00516454
15.07635559,17.43727697,0.08416749,0.08926896,-0.01295386
26.42125199,21.16216257,0.10330484,0.09169126,0.01519538
27.66737368,27.95654260,0.10014937,0.10080166,-0.02767609
5.27120008,25.50602967,0.08241032,0.07877531,-0.01598463
25.05582589,15.28457618,0.09916242,0.10022262,0.01270876
12.18589059,14.97179662,0.07531773,0.12168008,0.01856410
5.95362694,3.47497436,0.08255022,0.09631920,0.00054087
11.56563455,26.43299984,0.07855115,0.09488743,-0.01025324
0.68587119,16.70425539,0.07681377,0.09826784,0.00814508
22.59412725,8.37405220,0.07128242,0.07077255,-0.00207189
13.98252281,18.03760152,0.07365218,0.09603254,-0.00597730
20.48969490,18.02954164,0.07574087,0.09249802,-0.00885770
5.44297932,5.18193690,0.07442285,0.07350407,0.01468355
28.39917005,21.54900412,0.09617821,0.10550828,-0.00009219
10.72753197,25.93207490,0.05879401,0.09576773,0.00484381
12.37403210,24.99217437,0.06935070,0.09389360,0.01351718
31.53643470,16.01959869,0.07702501,0.09156472,0.00001958
18.52823476,17.14279309,0.09025007,0.09746723,0.00891728
15.30753495,30.89696675,0.07998867,0.08086782,0.02202463
20.62912272,0.84804284,0.08539882,0.07184822,0.00690909
14.35649837,13.71823360,0.07943146,0.08265530,0.01427537
24.23612458,6.13071814,0.09251308,0.07425658,0.00196749
6.41832373,23.58204661,0.08304996,0.08222350,-0.00129321
25.43538412,11.03162807,0.06779049,0.09092828,-0.00551967
22.25138632,18.03375485,0.08205139,0.09208023,0.00669330
12.43181219,11.40104333,0.07073202,0.10212405,-0.01778390
19.87643829,25.26738806,0.08622967,0.08374057,0.01539641
26.10398395,4.22030699,0.07129703,0.09635858,-0.00526378
25.15611310,4.52828826,0.11022960,0.07600005,0.02181322
3.43736570,28.13126649,0.08052165,0.09028165,0.00013959
0.52119363,23.53606010,0.07460226,0.09684175,-0.01152349
25.47061909,16.39412090,0.06765390,0.10223744,0.02503151
12.71743558,4.96628149,0.08678954,0.08503855,0.00908510
3.18368022,0.58741080,0.10188153,0.07693741,-0.01344215
20.53429166,21.37015583,0.08240103,0.08867793,0.00208152
4.85729086,11.26253576,0.05735909,0.12868392,0.01170890
13.24567773,18.85458659,0.11611554,0.06892293,0.00724634
17.34758664,27.58468584,0.08906119,0.08751374,-0.00799283
16.87121283,26.73453396,0.07278546,0.07713289,0.00321561
22.66152113,28.49917966,0.08782943,0.04874924,0.01524318
19.48768860,10.46417889,0.06702784,0.08407755,-0.00625637
8.79273366,7.20593187,0.08153659,0.07959514,0.00999930
9.85418134,7.73246449,0.10354626,0.09729218,0.00129722
6.22981007,8.32621772,0.09237954,0.08789977,0.01515561
24.61472012,10.53266537,0.09022910,0.08325995,-0.01270455
16.92397916,9.98393925,0.08484377,0.07881187,-0.01677766
28.04602184,2.56048301,0.06616957,0.08048840,-0.00114704
13.35541143,2.26611236,0.08500853,0.07126994,-0.01188584
21.75196203,0.97319037,0.07781027,0.08804629,0.00241408
2.51438870,26.05744690,0.07705016,0.08736736,-0.00344631
18.19150604,20.19373050,0.08127380,0.07221854,-0.00983051
16.29473203,27.83195650,0.07736979,0.08218070,-0.00473413
0.74806126,28.58399852,0.08946962,0.07538723,0.00903732
31.18276733,13.46709660,0.08690724,0.07478179,0.00147180
7.11728349,24.75881910,0.08604659,0.07452745,0.00523468
20.34042165,14.81841274,0.08714766,0.07482781,0.00577440
16.86789832,28.65328954,0.08466299,0.08711229,-0.00726668
19.83629794,13.85740040,0.07402428,0.09178484,-0.00438543
22.24192543,29.18616288,0.08931371,0.07621600,0.02474842
8.92029445,26.12703058,0.08872188,0.08032983,-0.00465404
18.74438707,24.76909528,0.08723589,0.07832703,0.02564050
25.00452209,22.66115064,0.08713151,0.08532938,0.00353322
9.87417104,17.83844032,0.10174339,0.09149587,-0.02707205
1.20832168,5.31720619,0.08299445,0.05957634,-0.00330828
9.79191740,14.03692185,0.09666316,0.05993273,0.01903528
26.14330049,0.35921750,0.08254770,0.08668950,-0.00174120
1.32384057,10.76887512,0.07671564,0.08266540,-0.02114022
28.05193712,28.85136049,0.09064059,0.07269350,0.00478866
3.60959613,9.26581456,0.09283590,0.07202058,0.00847937
22.69854887,0.92201967,0.07251816,0.09872198,-0.00842434
30.49505467,22.83279636,0.11597927,0.06338848,0.01237605
30.71007618,22.01184603,0.11222449,0.06589066,0.01140970
20.18831570,26.62693581,0.07635890,0.11098024,-0.00410443
13.81169937,12.63754661,0.08064886,0.10887998,-0.00872094
30.67720028,15.36771264,0.08938522,0.09170791,0.00072591
8.20967344,20.32560655,0.11844841,0.08201834,0.00991390
7.39416983,23.83223676,0.08917988,0.07322530,0.00650447
26.24920344,11.58158287,0.07282598,0.08586133,0.00027069
18.68629854,23.31225427,0.08730456,0.09840995,-0.00198836
4.36105471,4.79446447,0.08512231,0.08470220,0.00837459
14.83408851,11.96175831,0.09748727,0.06882306,-0.00766576
8.80977472,28.74234159,0.08380429,0.05937927,-0.01284102
1.23679006,24.17134468,0.08922602,0.07854037,-0.00923278
13.92085390,27.65168697,0.09826997,0.09708947,0.00631519
18.15485105,2.16172716,0.06923633,0.09150258,0.01435774
18.99012328,30.75286762,0.08096824,0.10203935,0.00321006
19.25400882,2.57023251,0.09818410,0.07526646,-0.01400803
6.94816803,3.68866565,0.07701223,0.06988941,-0.00519043
15.38195670,16.37606668,0.10390962,0.07957245,-0.01688729
15.01482064,24.89895027,0.06684597,0.09519226,-0.00347962
9.02570576,27.89478306,0.11270790,0.06328496,0.02417017
26.43126626,17.19896996,0.11013898,0.10214494,0.02243739
29.05843267,19.54628920,0.08308288,0.08349749,-0.00619040
11.63730763,4.67295373,0.08806536,0.06917856,0.02668000
30.02089348,18.94263696,0.08205566,0.08470783,-0.01063936
16.73333964,24.15213379,0.07948443,0.09848720,-0.00335586
9.81358950,0.66726111,0.07800453,0.08471256,-0.01476635
24.44506682,17.97991510,0.07360206,0.09317932,-0.00301432
8.71317879,23.67937113,0.08245804,0.07802397,-0.00755507
7.93328984,28.33783335,0.08597440,0.10334642,-0.01425941
30.90896507,19.18174505,0.06773225,0.09379958,-0.01188464
3.34867689,20.96033170,0.07981426,0.08222171,0.00352509
17.50940820,29.43481437,0.09129017,0.06818610,0.00350742
13.66526366,23.65722458,0.08503579,0.06596399,0.00208404
5.73809200,6.24210736,0.08515666,0.07746611,-0.00277208
9.43313988,2.32655962,0.07640902,0.08785152,-0.00049538
15.86791654,11.61373374,0.08672205,0.07965149,0.00260301
9.94934524,31.26940754,0.08330173,0.09865748,0.01312676
31.13940213,0.43749630,0.07654547,0.07975616,-0.00453114
10.51449938,30.56196694,0.05888935,0.06712028,-0.00271581
1.36678206,7.13835157,0.09358969,0.10288632,-0.00233318
16.59366982,13.41195009,0.10631331,0.08034055,-0.01139481
19.22190351,14.79380285,0.09055463,0.11130167,0.00464237
27.57963890,26.88287941,0.08274420,0.08461622,0.01468124
25.24195379,30.16237799,0.09551279,0.08221080,0.00379262
27.51309283,30.42917862,0.07987802,0.08355485,0.01581342
31.20394960,31.01080211,0.08035834,0.08311165,0.00392416
27.49057337,20.90815191,0.08266417,0.08227772,0.00607806
30.22373736,14.05045443,0.07066692,0.12493372,-0.01224264
19.57115308,7.28085703,0.07813627,0.09903987,0.00192062
15.45047871,13.68103123,0.09045022,0.07724596,-0.00498834
8.54836336,6.07755576,0.08683932,0.07849563,0.00606616
25.31535569,24.93989008,0.08363494,0.07880546,0.02028878
24.31373246,16.10435489,0.08820082,0.06271967,-0.01915584
23.53661292,6.92046406,0.07163731,0.09052963,0.00891766
23.69567447,17.11528227,0.08594506,0.07663340,0.00278920
13.20463923,11.83486248,0.08165584,0.08862520,-0.01600425
17.10657124,20.55650783,0.08634870,0.07034356,-0.00357421
3.99127275,11.33840949,0.06075248,0.08690526,-0.01104476
7.79991596,6.81874788,0.08432862,0.08068255,-0.00354012
11.40158325,21.93941125,0.07721066,0.08869627,0.00401798
20.79766840,20.16379615,0.11202415,0.09162041,-0.01011661
12.32648364,30.85636297,0.10012548,0.09467770,-0.00559408
10.62845310,7.00510043,0.09123979,0.07730743,0.00485217
13.03747773,4.00723382,0.09436757,0.08371379,-0.00662065
7.55383427,11.32920594,0.10604993,0.09337758,0.00390070
18.34896107,11.88921613,0.06594253,0.06406345,-0.01810234
6.57581464,0.91867280,0.10001281,0.06877222,-0.03384000
30.50978284,12.69862016,0.07125083,0.10814172,0.01283355
14.07813107,24.71858136,0.06813133,0.09665913,0.00066785
7.13993769,13.81533455,0.08605327,0.07441152,-0.00303032
29.37138825,8.43386795,0.09524337,0.08510465,-0.01447204
29.37973708,23.36031135,0.06819833,0.08044727,-0.00374302
4.54915060,12.32480410,0.08416522,0.08853005,-0.01424994
0.87000302,17.94204111,0.07396283,0.09165057,0.01916393
27.91330633,14.04891454,0.08756909,0.08716601,0.01189153
29.72891615,27.35119964,0.07436799,0.08006916,-0.00612948
4.12055765,7.44986062,0.06906974,0.07360652,0.01794515
1.36173049,14.52537887,0.08116083,0.10043012,0.00815273
2.29673322,7.68472233,0.06477183,0.07316040,0.01353705
31.43362390,6.23923722,0.07150344,0.09004165,-0.00982402
14.17611864,9.03070058,0.08156131,0.09667713,0.00769106
10.77220026,11.45528915,0.07977291,0.08440336,-0.01538069
8.91096478,19.39136354,0.05982383,0.06525675,-0.00996078
13.96725885,7.85581740,0.06488800,0.09605268,0.01845596
0.54983632,21.60456888,0.08018783,0.06752660,-0.00726554
29.29805722,29.94159821,0.09843077,0.07433436,-0.01372692
14.26802307,22.79903721,0.08317444,0.08500038,0.02126806
1.39675157,0.26880423,0.07102286,0.09384762,-0.00356268
30.39203201,8.30108633,0.07747676,0.08249737,-0.00307572
22.51971272,12.46491948,0.08758171,0.08444169,0.00373891
17.24435059,0.51765437,0.08813240,0.07691583,0.00578865
19.00464250,28.55152415,0.07670335,0.08907839,-0.00076950
2.99842381,27.06364970,0.09146947,0.07851276,0.01048478
10.59446751,27.08713222,0.08471379,0.08290232,-0.01035355
13.12107422,24.46215530,0.06516582,0.07280266,0.00508509
13.18253487,9.44462835,0.07289892,0.08019550,-0.00159281
29.68363023,17.98846435,0.08829670,0.07349533,0.02381812
17.58172278,23.32372055,0.08400707,0.07514102,-0.00903859
27.19150538,24.64745651,0.08664961,0.07397418,0.00882729
8.88161600,0.39156176,0.08124942,0.07935641,-0.00872644
21.37533849,2.86178424,0.09680311,0.08215950,-0.00649498
16.70703298,12.28860959,0.06706672,0.08676645,-0.00355916
11.15479093,31.33985614,0.10571346,0.07016637,-0.01722056
2.41673365,19.28923759,0.09547437,0.09578249,-0.00899152
23.87898603,15.32840536,0.09213814,0.06107677,-0.00963087
22.45598607,24.91422437,0.08713087,0.08020734,0.01487422
27.17626410,29.38328444,0.07641350,0.10570073,-0.00889524
9.81797019,25.27954128,0.10011679,0.07284884,-0.00482591
25.66876935,21.93703245,0.07018260,0.06808217,-0.00837883
16.44729969,2.15112918,0.08638448,0.07802892,-0.00379225
18.73603632,12.62732942,0.08255737,0.07315801,-0.01938701
10.60147600,22.67493557,0.07896663,0.08538953,-0.00260956
9.17156122,5.34331025,0.06513042,0.08981353,0.01484789
1.45392479,21.06888468,0.08320765,0.11196587,0.00081325
8.66262599,15.28918316,0.08064108,0.07223857,0.00183051
14.74746864,26.97141308,0.08773147,0.08380912,-0.01632196
18.73382939,6.60268212,0.06831294,0.09253389,0.01032959
21.71660231,8.67915371,0.07679219,0.09132627,0.01471171
20.27036640,10.99991314,0.07194375,0.06661607,-0.00800254
1.14094531,1.43904191,0.08293581,0.08272792,-0.01158290
28.94312549,16.92057846,0.11304663,0.09507582,0.00914148
7.21429741,21.87963987,0.09906492,0.06779189,0.00612581
11.25510352,15.16497242,0.07448942,0.06181183,0.00557798
7.07054716,20.73324822,0.07687429,0.08229002,-0.00627100
20.46125240,16.91551001,0.07598742,0.09035829,0.00445141
24.62227862,1.81550952,0.13007544,0.07753302,-0.00599758
16.88942500,7.83381078,0.09549009,0.10264849,0.00377222
11.92231591,3.88264192,0.09271024,0.07712109,0.01166528
6.25473306,13.22854729,0.09295240,0.09806737,-0.01250196
19.49790475,29.58476857,0.06771348,0.09976100,-0.00815713
3.17599583,14.03050435,0.08631045,0.07782452,0.00550066
26.76249535,27.55034243,0.07245181,0.08389627,-0.00265435
31.35449430,25.55314871,0.10104995,0.08540191,0.00800854
21.67818496,9.78765777,0.07888882,0.08009779,0.00820189
9.22322190,4.28057968,0.11194283,0.07946375,-0.00771120
24.69745514,16.89668942,0.06580708,0.06452358,-0.00480959
20.76500514,30.65480279,0.06064953,0.10132222,-0.00159277
17.71993912,5.00525483,0.07638719,0.08609313,0.01134728
3.23168665,17.02862535,0.06840886,0.07200040,-0.00456223
27.75015857,23.85191702,0.06346302,0.08791890,0.00297082
20.28481603,2.66672800,0.09352717,0.07716017,-0.01429900
15.93450905,26.82380177,0.08309120,0.08804073,-0.00343274
28.85659785,15.79522518,0.07859577,0.08001743,0.00873460
1.67829936,8.34456141,0.06435965,0.08974602,0.01245498
10.04152908,5.04703493,0.06487748,0.06781854,0.00557015
21.06705486,23.63387939,0.10335023,0.07031558,-0.00085047
21.12535653,26.71164070,0.06834047,0.10177794,0.00448553
1.73205823,28.96901087,0.07601755,0.09110909,-0.00102641
7.46256559,5.80628382,0.07828395,0.08931554,-0.00117552
31.60391459,24.54436994,0.09228854,0.07004402,-0.00903290
23.13896594,24.22512299,0.07722081,0.07836694,-0.00679024
30.71508998,27.63887896,0.07226972,0.08565898,-0.01232191
2.19182694,3.09669859,0.05537372,0.07994791,-0.00734644
17.17691993,22.23915623,0.08326958,0.07607033,-0.00314521
16.59425249,17.91621292,0.08588316,0.07821444,0.00945235
26.67908859,5.20927971,0.08870990,0.07862771,0.01753720
28.28328697,24.92596988,0.08982385,0.10475043,-0.00661502
13.41074746,5.78051167,0.09175938,0.07486826,-0.00292316
17.04465320,30.22398779,0.07671936,0.08582503,0.02178095
0.96676318,15.47627704,0.09791383,0.07690516,-0.02748559
2.07401185,13.78669296,0.08881167,0.07976578,0.00502052
13.62228624,31.10635273,0.09407910,0.07557108,0.01245705
4.58721964,26.46045048,0.07845644,0.08310688,-0.00302192
7.09678335,17.15863846,0.06712157,0.07562179,0.01557659
25.40385808,12.19074347,0.07994912,0.07524656,-0.00037836
26.07405216,14.99410022,0.07980155,0.08853854,-0.00285613
31.20839020,4.29623667,0.08930059,0.07570863,-0.00696431
11.19014623,17.88184689,0.08281913,0.07342622,-0.00115823
14.33585829,30.46418259,0.08393503,0.08051066,0.00111471
11.36200076,30.32409321,0.07112794,0.08187207,0.02367109
12.61028756,3.08949003,0.08677019,0.08038884,-0.00075325
3.17098437,11.02399330,0.05330492,0.09838809,-0.00214827
12.59067016,6.49837717,0.09526303,0.06682267,-0.01117458
14.50490182,25.85496325,0.07181776,0.09387684,0.01495635
20.51338840,9.99235068,0.08414738,0.07122731,-0.00495077
10.51038412,23.76138471,0.09196125,0.07368229,-0.01733185
7.34819179,18.59151726,0.09102495,0.08140953,-0.01588129
10.14225322,10.74526585,0.09283412,0.08230649,-0.01119305
0.29864686,7.12047418,0.07193139,0.07827855,-0.00804413
4.76197303,24.70467801,0.09358412,0.08082892,0.00523049
4.70455124,8.97642257,0.07570450,0.07598615,-0.00467344
8.86216669,16.35469821,0.08250105,0.08088947,0.00428533
31.11991233,10.40181523,0.08189985,0.09713561,0.00031903
15.53198031,2.79353506,0.07304329,0.08251777,-0.00492919
13.25893787,22.80036946,0.07488783,0.08078492,-0.02058252
28.70529723,27.19149169,0.09161840,0.07243859,-0.01032500
16.11255978,14.51022451,0.07578528,0.08861650,0.00673929
22.73845835,4.93387258,0.08130774,0.10202138,-0.02094040
31.46227500,8.37976727,0.08107001,0.10055376,0.00756083
0.05627695,9.48509656,0.06321367,0.08292889,-0.00808334
29.63855973,11.77805682,0.08463825,0.08928536,0.01445782
24.86112782,5.37889038,0.07776815,0.08837316,0.01846089
10.45348083,21.50507439,0.07725966,0.07899669,0.01702121
18.83600768,8.68546974,0.07967292,0.08295748,0.00234771
30.67374309,3.47074767,0.10096034,0.08720394,-0.00443142
27.05244422,0.77073454,0.08726581,0.09004884,-0.00322965
25.83554682,27.03012218,0.09517183,0.07419693,-0.00355127
26.45772949,9.37481226,0.07159442,0.07214538,-0.00081565
20.57809604,19.16973907,0.08944046,0.08641891,0.00172529
25.78344558,28.03792966,0.05876270,0.07975963,-0.00489769
29.09969336,10.03959567,0.07641677,0.05538241,-0.00341368
16.71604402,31.11680468,0.08896096,0.06261610,0.00875593
24.59653920,25.52215766,0.07425315,0.09186826,0.00352115
7.43563624,27.46760777,0.09328007,0.08828585,0.00380647
15.50293769,22.94717473,0.09478760,0.06129631,-0.00745016
16.02912215,15.49409551,0.10103091,0.08053946,-0.00444658
21.93671616,16.28573191,0.08199119,0.09558885,0.00346903
1.03333868,4.41154397,0.10162049,0.07338533,-0.00258853
29.55606959,21.66592337,0.09512629,0.06333894,0.01878294
1.62317182,23.18196318,0.10252625,0.06687954,-0.00443495
24.92582320,27.94572817,0.06321659,0.12835272,-0.02027497
26.42508112,25.34786929,0.08868795,0.08150660,0.00083870
17.42798918,19.58679910,0.09614434,0.06436206,-0.00784171
9.37546321,20.09377294,0.08554867,0.07371021,-0.02731518
11.57104228,24.16881440,0.08223548,0.08862198,0.01167873
2.35835864,16.87653309,0.06270823,0.09348243,0.00406491
2.91776216,5.92853256,0.06154218,0.06838889,0.01489843
18.56108533,29.52899790,0.07461293,0.09661519,0.01200395
8.32301219,13.51570340,0.10266520,0.09103521,0.00585971
17.86976732,21.27903853,0.09237477,0.09514181,-0.00356585
8.70154778,18.42943051,0.11319409,0.07519173,-0.01292323
17.55826722,11.56612376,0.06989569,0.09176489,-0.01812441
8.42644489,27.03850479,0.08093210,0.09071349,-0.01184795
29.75970796,2.83131593,0.07709479,0.08475372,0.01355627
3.71481595,24.64963250,0.07375547,0.06921580,-0.00834123
23.68976405,1.17271882,0.06368473,0.07312515,0.01398292
28.55106088,9.35484586,0.10494267,0.07538315,-0.03107752
18.14851072,22.37151872,0.07978828,0.08934855,-0.00221542
28.32942513,22.69258189,0.08597401,0.11099386,0.00569646
27.74676578,0.01845736,0.07428262,0.09299056,0.00444477
11.14666929,13.24302570,0.08733959,0.08845672,-0.00767860
25.75927744,2.43320807,0.09621205,0.09308086,0.01131470
19.63327344,19.77522867,0.10342685,0.08745349,-0.00868246
27.12391518,13.24925901,0.08018182,0.09140125,-0.00002466
3.77148369,29.12221781,0.08044041,0.07875785,0.01142787
23.58498342,0.13205490,0.12110671,0.07926837,-0.01338583
2.65581070,29.05469833,0.08106394,0.10267185,-0.01759888
17.36057123,24.98305799,0.10534543,0.06722857,0.00308400
6.20772676,14.34916667,0.08651380,0.08061301,-0.00012608
0.36031337,3.63383178,0.07895813,0.09477269,0.00020586
24.59765069,19.61425838,0.09275548,0.06858489,-0.01092808
9.04423819,17.36059564,0.08113401,0.08332648,-0.00140874
21.71812412,7.58523453,0.10042657,0.08668361,-0.00344787
19.87028866,23.34899727,0.10486334,0.08158900,0.00070713
14.28549895,1.53631253,0.08990626,0.08123632,-0.01205744
4.73446184,5.83557441,0.08399843,0.08327280,0.00898699
0.54761619,31.44942489,0.08108614,0.07208954,-0.01407853
15.45898131,25.95235720,0.07676087,0.10183459,-0.00951279
31.16394926,23.63613071,0.07011702,0.09430579,-0.01021228
17.24677854,17.13345187,0.08767598,0.07448615,-0.00007742
2.74524521,9.88081939,0.08729851,0.08690081,0.00466430
5.66259608,18.22415633,0.08937711,0.08187034,0.00663188
30.51521149,26.61040081,0.07982175,0.08384990,-0.00306892
7.09060045,10.29822387,0.08631926,0.06727201,0.00767243
8.75053308,8.22989780,0.09205809,0.08404895,-0.02464191
30.26419193,31.57759434,0.08004571,0.09960905,-0.00526269
5.12006320,4.12172595,0.08540983,0.08130113,0.00061652
27.06194192,10.92703551,0.08954643,0.08649161,0.00495369
5.12271621,8.05153528,0.10297191,0.08836439,0.00824770
12.52860233,26.10119004,0.08917702,0.09073740,0.00528570
23.79219493,5.22364989,0.08187623,0.05557386,0.00105263
26.64871080,26.38790232,0.07900687,0.08377746,0.00376063
22.59648784,17.11156288,0.08822340,0.08142596,0.00714087
4.25236309,21.61141736,0.09693114,0.08709744,0.00946561
16.30817009,1.10292334,0.08463150,0.06910040,0.00528012
18.31472291,15.47725510,0.07775750,0.06352555,-0.00543666
13.62734332,28.75425695,0.06501364,0.07097089,-0.01502801
10.99004016,3.39807771,0.07474832,0.07762844,0.00966831
20.81611547,9.06678067,0.08532388,0.07124350,0.01212997
23.79279595,26.34826893,0.07763651,0.09147365,-0.00676625
4.52142034,18.41673273,0.07903531,0.07407442,-0.00895989
6.74645058,28.35401180,0.08730856,0.06809337,-0.01083983
14.74669124,7.57351165,0.05890236,0.08412534,0.01077519
26.82209442,18.91912742,0.07632987,0.07028232,0.00015698
29.67820789,12.94806098,0.07420285,0.08799114,0.00679892
24.41745057,30.81380639,0.08907427,0.11281856,-0.00867464
4.35642900,0.89262752,0.08893649,0.08044677,0.00639469
10.15848883,14.88932435,0.10792123,0.07623131,-0.00055138
15.88228195,20.97526213,0.08062201,0.07980996,-0.01225844
0.22486649,11.05895793,0.09883094,0.08195602,-0.00871198
22.60552881,9.55056256,0.07948159,0.09365181,0.01164742
0.69311749,2.42545146,0.07270350,0.08859677,0.00257473
30.33801200,30.38348789,0.08331127,0.08442990,0.00781952
13.35484893,13.76776114,0.08676700,0.07700896,-0.00217674
10.38139818,9.67911152,0.08511933,0.07521659,0.00247426
19.72292137,9.35903601,0.08744598,0.08460939,-0.00542926
28.92779129,18.56845407,0.08204440,0.06065558,0.00093117
15.87373490,22.02702919,0.09479181,0.08267096,0.02158798
21.85900532,14.64760780,0.07453536,0.06887470,0.03237494
4.10823590,27.37674668,0.08565987,0.09070730,0.01002001
27.15655390,16.54306083,0.06362315,0.07278528,0.00306043
23.21206998,11.76516064,0.10948823,0.08282373,0.02568934
5.25518553,20.02275259,0.08090033,0.07265972,-0.00829965
26.19299246,10.35224417,0.09101877,0.08075132,-0.00134659
19.56984471,4.37479611,0.10548033,0.06539652,-0.01758328
18.18823425,14.52957960,0.09211728,0.07127613,-0.00974065
3.99046261,13.36220523,0.10479383,0.08085568,0.00263521
28.24983770,29.83842471,0.07953307,0.07796633,0.00807976
11.05523982,7.96212749,0.08597233,0.08176045,0.00906060
0.45389360,29.39984172,0.08730231,0.07086445,0.01799885
3.65109513,2.56300140,0.08845501,0.08784868,0.01720833
20.01918969,28.50269690,0.08368368,0.07854910,-0.00545284
21.31711310,10.69917692,0.09178674,0.08675422,0.00124366
23.85126214,4.42248557,0.11269126,0.05103455,0.01349934
25.59617031,26.01014409,0.07819662,0.07834686,0.00062097
9.48388339,8.85968423,0.06422291,0.09320290,0.00409996
31.47937517,26.58590797,0.07903807,0.10672398,-0.00419628
5.83852799,7.26643583,0.08407981,0.07921891,0.00166572
29.79564976,9.35055918,0.08404330,0.08112538,0.00685303
10.15048455,20.47265703,0.06264992,0.09404184,-0.00921054
16.76152744,16.15479597,0.08482335,0.07899124,-0.00482800
29.97979887,7.30330249,0.07261569,0.08870067,-0.00510889
20.79762452,25.58741906,0.07359798,0.10788603,-0.00431780
15.02008769,4.78190672,0.08945100,0.10704846,-0.00022976
10.85557505,17.02337201,0.09586235,0.08819235,-0.01856834
13.22704499,16.91474324,0.08627006,0.09173758,-0.00581938
12.31651453,22.52349047,0.06880557,0.09045792,0.00661504
24.12155291,27.36511879,0.09444948,0.06925375,0.00073492
27.34076623,22.89161014,0.08030567,0.06747691,0.00355139
12.07341565,12.60680940,0.07157426,0.08755325,-0.02841449
0.48675165,30.46759052,0.08725099,0.07463968,0.00294182
22.76123260,22.07921194,0.08767173,0.08601604,0.00503013
29.49146729,30.94384916,0.07179029,0.08666008,0.00181947
19.32626650,24.18985139,0.07762038,0.07612721,0.01888084
6.29579746,25.55721007,0.07806384,0.08077746,-0.00191827
23.97543872,8.04665516,0.09897750,0.09137764,0.01020882
30.15474909,23.76697792,0.06661827,0.07112486,-0.00659966
1.48150406,27.92415661,0.06673025,0.06754288,0.00369973
2.63502160,8.77185147,0.10560104,0.10037563,-0.01724589
14.13132418,4.04866487,0.07378709,0.06231907,0.01673508
20.11474425,22.20720550,0.07079108,0.09568447,0.01196228
18.74051878,9.82782612,0.07454560,0.07744574,-0.01718267
12.92440157,28.15206528,0.07754981,0.08362682,-0.00706054
12.23247996,1.06042646,0.09186070,0.05988443,-0.01501682
10.52598405,2.46722589,0.08541480,0.07116636,-0.00408190
23.40547610,29.21867189,0.08817624,0.07513707,-0.01346444
23.92790404,28.34508846,0.10353435,0.07735011,0.01160128
26.57576848,28.58239909,0.10435904,0.07107229,-0.01133817
7.89464936,7.83811104,0.06399235,0.07503702,0.00290339
30.86412153,18.04076375,0.09083879,0.09799322,-0.00189594
10.55645995,18.56325614,0.05786568,0.07494320,0.00807472
3.20241360,4.39825970,0.08835404,0.08790681,0.00875800
15.88611841,10.51626527,0.07931728,0.07782435,-0.00282697
1.59415423,17.33106014,0.08270342,0.08562274,0.01689713
21.42255973,17.27942125,0.08945288,0.09537213,-0.00729528
28.62504910,23.83570274,0.06314973,0.09655177,0.01246672
16.74487894,11.08680111,0.07230296,0.09218282,-0.00154725
14.82957115,3.54019598,0.06410067,0.08979401,0.01453334
0.22155303,14.95898853,0.07676422,0.07879753,-0.01855524
8.06962220,31.38723278,0.07513616,0.08403983,-0.00300389
15.61152110,28.63425397,0.07925530,0.07037848,-0.00825999
5.13690681,12.99121046,0.08463670,0.05929842,-0.01064663
6.47682833,10.98783654,0.06391343,0.08631087,0.00867789
12.21949061,27.28720969,0.06887450,0.09291602,0.01234433
29.60391126,1.64186632,0.07701781,0.07357039,0.01674886
23.15832157,14.61614799,0.08451700,0.09676152,-0.01375433
11.33737058,27.65509747,0.05712968,0.08833509,-0.01198921
31.52345981,17.29098273,0.09627278,0.09454896,0.01654505
23.88944018,19.02102777,0.07819929,0.10420336,-0.02034465
15.48582074,1.69696055,0.07850374,0.07548440,0.00037479
13.98137385,29.56974467,0.09808946,0.06489734,-0.00976934
0.15724766,5.11455625,0.07669098,0.10317977,-0.00460961
13.80584868,26.46639481,0.07277252,0.07282793,0.01313946
20.83359565,4.31676452,0.10197041,0.07233198,-0.02308491
22.00245565,11.51313848,0.10208455,0.07399949,0.00635028
8.19838393,10.47192668,0.08769381,0.09872832,-0.01245688
26.37143295,30.42021438,0.09410758,0.07057487,-0.01636055
5.24647914,13.84568782,0.10023665,0.06511704,0.00413670
2.28678807,10.81016012,0.06644904,0.09495337,0.00404331
19.66174392,27.57311807,0.10169626,0.07765489,-0.00860937
17.91204311,24.17565802,0.09490970,0.06861889,-0.00657728
23.03949485,13.51440879,0.09953346,0.08253371,0.03442622
3.44477099,18.83134339,0.08914881,0.08150575,-0.00410412
4.97020011,30.87802230,0.07708151,0.06223875,0.00751242
30.97447911,7.36317535,0.07565859,0.09891729,0.00523277
26.95759042,14.38931252,0.07888573,0.08594400,-0.00222540
4.82521919,29.32980894,0.09365555,0.08305013,-0.02290067
21.41665140,12.32173824,0.06958040,0.06897837,-0.00380661
16.46069211,3.21827880,0.06865768,0.08293947,0.00248457
9.87387961,26.28469121,0.06507979,0.06987857,0.00362542
21.31256426,15.21857674,0.08840385,0.07985734,0.02197895
23.52423611,10.06267166,0.07773478,0.07413803,0.00813015
6.61612185,9.43339426,0.07811434,0.09531788,-0.01126847
29.31979194,13.91774239,0.06819139,0.08454455,0.00122382
27.10420040,4.36895182,0.07853348,0.07622833,0.00990226
24.70880462,8.87013409,0.09872221,0.05833667,0.00887424
9.01295434,10.96703316,0.08570957,0.06247904,-0.00130978
13.02571411,17.87872195,0.06751521,0.08022978,0.00274347
21.71282314,19.23785299,0.10219378,0.08943131,-0.02968420
18.97728436,21.64014065,0.11446557,0.05802550,-0.00926458
11.01307077,5.25073053,0.07367099,0.08213967,0.00937799
2.46497496,30.31037121,0.07055965,0.11010670,0.01676390
12.66412586,29.19334750,0.08530415,0.07658589,0.01516785
18.89431389,20.72860966,0.06637080,0.07586599,-0.01249134
26.41553654,22.41254750,0.07159903,0.10194786,-0.01158944
1.76257961,9.62952028,0.08072522,0.11810113,-0.00650262
21.59930283,21.91405116,0.10882304,0.06666676,-0.00658141
18.64974468,18.32169929,0.07739745,0.08631110,-0.01551697
25.76235886,23.31342182,0.07932823,0.08977929,-0.00837935
25.40257638,17.59161099,0.07347827,0.09024069,-0.00789263
20.44487267,29.48873126,0.06829493,0.09765531,0.00201218
3.81379308,17.76532441,0.08172938,0.08620925,-0.01485932
21.42928430,21.00296397,0.06943433,0.06477140,0.00480109
8.57624388,25.33035404,0.11167714,0.06942334,-0.02869324
5.60152315,26.47708625,0.07512792,0.08943045,-0.00064344
1.71574376,2.23186427,0.06657185,0.08012563,-0.00896821
21.72042601,30.75263506,0.06684315,0.06946176,0.00368992
8.20510968,5.04666776,0.08360687,0.07682081,-0.01209676
0.71566435,8.01493279,0.07042733,0.06947893,-0.00077416
3.31996718,19.89750455,0.07987292,0.07887937,0.00239921
20.97855042,16.10485298,0.07087720,0.07851893,0.00823690
29.44892708,26.36360849,0.08303994,0.06597903,-0.00755993
17.81664398,16.30465827,0.09053317,0.08658696,0.01382203
13.20730953,19.80728185,0.08867244,0.06065456,-0.00567408
6.08445519,24.57955966,0.09543769,0.07628537,-0.01644795
21.30090425,6.67825752,0.07268289,0.08431856,0.00385879
19.27192789,22.47534134,0.06253370,0.06327694,-0.00071729
7.35955312,12.89011286,0.08680111,0.07130062,0.01032942
16.49059468,18.96955893,0.08249934,0.08156615,0.00301558
18.23779802,3.25431151,0.08528869,0.08249319,-0.00978185
9.42468374,24.40348666,0.11104310,0.08732456,-0.01662922
13.03402720,21.80429777,0.06578721,0.07744351,0.00390001
29.07820802,10.94508093,0.09777733,0.07464726,-0.00117884
3.31059868,15.05824773,0.07995101,0.08341237,-0.01334493
20.78384759,27.72235424,0.08273534,0.08739405,0.00229517
26.37015599,12.64570286,0.07954181,0.08134688,-0.01249299
1.61207384,11.69469234,0.07733897,0.07412447,-0.00370271
4.13229195,31.48454524,0.07838958,0.09325644,-0.00540403
25.90358160,8.56705759,0.09720189,0.09226450,-0.00900670
2.56629781,6.77076594,0.10529430,0.05665426,-0.00119262
15.00667480,9.83247123,0.07748139,0.08682677,-0.00025628
30.33410750,29.36118360,0.09005264,0.07386268,0.00036531
25.35129756,29.02730183,0.08150324,0.08879727,0.00318840
20.71400243,11.76775786,0.10036748,0.08882828,-0.03675320
6.83655695,16.11263102,0.10336071,0.10288096,-0.00347741
5.62464254,28.24816087,0.07960631,0.07503608,-0.01101842
24.91350399,0.14361780,0.09720785,0.06575478,0.02791879
17.33040247,3.81371565,0.07592296,0.08501276,0.01251498
5.19653491,21.06812118,0.09442174,0.07431179,-0.00643025
15.46476690,19.30925439,0.08674560,0.08167896,-0.00209524
28.36130420,1.01285496,0.10485510,0.08440056,0.02582914
22.16651312,2.04406177,0.07170418,0.08956190,-0.01233499
29.57502595,0.71655587,0.08950735,0.07628122,-0.01195308
8.04842428,12.33028088,0.07645341,0.08414362,0.02530264
4.74014262,10.00718290,0.08076558,0.11394708,0.00741010
26.84753773,31.20775893,0.08091758,0.07230752,-0.00537306
9.15174308,29.57754187,0.07667162,0.08442835,-0.00019854
11.51700150,18.94012073,0.06757187,0.08653021,-0.00594145
9.13498372,12.89993949,0.10276762,0.12089349,-0.00017327
13.83075512,4.86601108,0.09315612,0.06740729,0.01148036
6.05846221,15.40066980,0.08478551,0.09116606,-0.00096234
9.94616095,28.83747065,0.08972613,0.07934686,0.02197443
17.22944804,15.20415192,0.11166834,0.08800449,0.00413096
2.37189784,20.38630811,0.08806884,0.08476220,0.00169201
12.86130549,0.12726073,0.07876655,0.08646378,0.00535252
15.13353293,20.23679741,0.09255494,0.06635777,0.00562015
20.01328441,15.72098934,0.09442030,0.09113845,0.00919272
24.26107325,3.68399635,0.09519531,0.07173223,0.01555151
27.88983962,15.12841181,0.07255255,0.08716156,0.01263543
10.46792034,4.20038695,0.10817266,0.07129701,0.00782158
25.90495685,19.38188925,0.09278162,0.08451638,0.00081484
4.85466848,6.91873155,0.07004034,0.08507264,0.00632770
14.95912191,10.89199229,0.07943887,0.08078983,0.01655873
4.93452300,17.42730718,0.09585085,0.08619865,-0.00288682
19.48168240,0.86109950,0.08364586,0.07751681,-0.00298169
30.52640597,2.27490682,0.07943325,0.08035003,0.00162308
22.33208533,14.06593822,0.06198260,0.05589004,0.01127466
26.71360874,23.63462287,0.07001173,0.08771709,0.00802285
19.60616594,18.69739379,0.08144600,0.07762395,-0.00232148
2.83288943,13.03278485,0.08856657,0.08015290,0.00236526
15.70439142,5.86419020,0.10471432,0.06674837,0.01034975
12.12952668,21.31808071,0.07480217,0.08475338,0.01015802
0.82034738,26.35223360,0.07938906,0.08893645,0.02663105
17.82101027,31.35449160,0.10023937,0.08825931,0.01379214
13.07563499,27.00622152,0.06034774,0.08299657,0.00568364
23.22568379,1.92279124,0.10024382,0.07075776,0.01140435
27.35228280,9.80258919,0.09678736,0.09144981,-0.02765740
24.80688173,26.63848452,0.07991375,0.09746026,0.01664675
12.03687738,17.02565423,0.10826932,0.07748183,0.00242650
21.26345145,0.04686121,0.09139654,0.07915049,0.00649408
31.07648595,14.46036541,0.07178268,0.06621881,-0.00890788
26.22668852,16.02115768,0.07205199,0.08020002,0.01616361
20.13073777,1.69795699,0.09191780,0.07338488,0.00008030
6.51542474,30.02671653,0.08887769,0.08169457,-0.00396280
15.79683905,12.67077527,0.07231549,0.08419919,0.01003803
14.62373313,2.39894190,0.08862418,0.07942653,-0.00802537
18.06941863,30.41246310,0.07827819,0.07448739,-0.00146220
2.46277111,27.98708960,0.07000586,0.08345393,-0.00623533
30.78039920,5.35399936,0.08152611,0.07831393,0.00225950
0.68797320,11.96011910,0.08664031,0.09246658,0.01442341
9.74004130,22.05046031,0.07290137,0.08299860,0.01274173
11.47721220,12.02552819,0.07340992,0.08817437,-0.02470289
13.98640842,20.48827838,0.08599218,0.08577491,-0.00991268
28.02966245,16.26227536,0.06721992,0.09460338,0.01454835
12.38321640,10.10263019,0.09361276,0.09174325,0.01825687
23.73654642,22.48773841,0.08309292,0.06823191,-0.00242957
11.05467593,29.14489264,0.10265312,0.12775755,-0.01152154
12.91581124,20.71146566,0.09184646,0.08347570,0.01892311
19.50915176,16.71250200,0.07157016,0.06059490,-0.01114096
22.99461343,27.75860691,0.09397408,0.04800611,0.00541656
15.68969325,7.62934558,0.08711091,0.07387917,-0.00373504
1.14509758,22.33728752,0.06783552,0.09598900,-0.02102244
28.22267465,4.04004285,0.08623525,0.07786933,-0.00510057
24.15997391,23.31013775,0.08627502,0.07555770,-0.01919540
7.99189000,19.29748884,0.06156106,0.08139573,-0.00284228
3.46051968,1.45991176,0.08204044,0.06750077,-0.00035989
14.86592267,22.13174456,0.06980258,0.07313755,0.00341290
7.36994840,25.65172585,0.10059040,0.06718006,-0.02114275
25.96696436,7.32869927,0.08198515,0.08461136,-0.01370370
1.38061728,19.97170635,0.10170654,0.07054901,-0.00317722
7.11110233,19.73351281,0.08065316,0.07875711,0.00207561
27.23241241,8.72118237,0.07770747,0.08751990,0.00293714
27.68648191,17.33353201,0.09064443,0.06351976,-0.01357132
7.19086110,4.66304635,0.07502117,0.08229374,0.00465114
26.72311384,7.91907185,0.07554623,0.06454617,-0.00441643
15.05218167,8.66977725,0.08403291,0.10353021,0.01594675
11.82669846,0.32422035,0.06578083,0.07430550,-0.01972133
1.87131919,6.07988767,0.07399911,0.08881192,-0.01395611
31.25690854,21.25177008,0.07364174,0.08003683,0.00463871
28.55121596,13.35298953,0.08203611,0.07369959,-0.00635147
26.46499947,3.23143842,0.08234422,0.08674483,0.00491730
5.26674263,2.67097982,0.07746523,0.07981592,0.01751047
29.30131888,6.53721646,0.08358414,0.07424684,-0.00401116
5.08492661,15.91427533,0.06772552,0.07001018,-0.01237733
14.28577695,19.45318368,0.10303638,0.09470253,0.01509968
5.96744605,2.03971549,0.06312187,0.09275644,-0.00561327
23.70228335,30.06675911,0.09520836,0.05358564,0.00293091
18.99876896,16.01481441,0.07408919,0.08282161,-0.02696926
7.73311838,9.52801722,0.07096744,0.07304904,-0.00098211
9.91373263,16.69035640,0.07589653,0.08620917,0.00093571
23.08299020,5.90917637,0.08954188,0.07335398,0.01124589
25.39378224,20.24618340,0.09044406,0.07212667,0.00823542
3.20426366,7.61762437,0.05949334,0.12099451,-0.00939329
19.36672713,25.96255186,0.08166862,0.06698967,0.01482409
12.27836462,9.05099664,0.06953306,0.07645956,-0.01174800
23.61393534,25.24702574,0.08109331,0.07634847,0.00966731
3.25081756,22.06059617,0.07985213,0.08117131,-0.00054842
14.80461694,12.87234796,0.07177680,0.05781428,0.00121519
23.27745561,30.88311632,0.08658177,0.06082503,0.00074458
24.45161421,21.75549073,0.07793807,0.08636497,0.00272407
28.84657268,0.18793657,0.07730242,0.06211169,-0.00805838
22.66465668,2.84999545,0.09013713,0.06613335,-0.00997147
7.95056273,21.20796096,0.07880995,0.05606791,-0.00469905
21.87041336,3.65322502,0.10694098,0.07118016,-0.00785371
28.49029130,30.90108746,0.07846287,0.08169198,-0.00813682
11.11282542,20.78707790,0.07205365,0.08427458,0.01076690
6.91961443,7.64409991,0.07632705,0.07524733,-0.00111938
23.56310520,12.87421299,0.05917238,0.07777672,0.01981385
6.63040110,26.57627353,0.08972800,0.08219237,0.00492539
2.60634752,11.95226678,0.08441638,0.09034562,-0.00424191
8.85791470,3.35063617,0.08476599,0.07762089,-0.00977673
11.30755928,1.69538094,0.09344921,0.09318851,-0.00213147
3.24615158,23.88065799,0.06105872,0.07127142,-0.01460899
12.98775832,7.36337202,0.08967823,0.07805338,-0.00716846
11.51715341,25.32495813,0.07600806,0.08278050,0.01045956
27.35053578,21.91319310,0.09780516,0.07339173,0.01169411
17.06219571,14.24475526,0.07735586,0.06940789,-0.00288438
28.26814644,20.29937482,0.07009931,0.09107883,0.00123672
5.29927778,1.39843182,0.09008285,0.10060824,-0.01746663
23.76801315,2.76274451,0.08066790,0.10070394,-0.01594125
10.42036118,12.48082721,0.09889428,0.06565256,-0.00220651
11.49977441,23.09510065,0.07900255,0.08690957,-0.00408227
22.65646273,19.67642392,0.06505173,0.06433397,0.00825316
21.86802734,5.80044275,0.09904599,0.08340455,-0.01533414
15.12197486,0.80619265,0.10404019,0.07041484,-0.01404528
1.51172047,16.14729045,0.06294915,0.09061441,-0.00428425
2.09474995,4.15419660,0.09971484,0.07652367,-0.00876285
19.54789887,17.65496827,0.08839460,0.06999188,-0.00623361
8.96906435,14.38261190,0.07632113,0.09378725,0.01368436
6.15435778,4.54132861,0.07798721,0.07690247,0.00241729
14.08997973,11.33524982,0.06478053,0.09796396,-0.00377881
11.80164364,7.20202836,0.09099736,0.07590189,0.00187862
30.73660140,16.51783847,0.06083439,0.08570439,0.00942026
30.55880412,1.23867043,0.08233071,0.08711639,0.00803530
13.10583046,30.16182134,0.09519741,0.08753374,0.00417516
20.49097116,5.97098420,0.08729473,0.07403141,-0.00533277
9.12229636,30.94829981,0.07011799,0.09725415,-0.02633653
28.30564429,26.25996427,0.07122752,0.08262540,0.00442659
19.48636403,11.68171424,0.10559708,0.09304481,0.00974883
29.53573365,3.84173682,0.09076804,0.06511377,-0.01293687
0.75172394,25.18068506,0.08007795,0.10321310,-0.00892397
7.07041654,14.97261440,0.07550857,0.08689530,0.00228245
3.82947067,6.43821859,0.10144954,0.09483225,-0.01957294
20.90511549,22.70177024,0.07869292,0.08803050,-0.00913502
0.73729641,10.08952075,0.07874920,0.06851355,-0.01641463
10.78291014,19.66060712,0.11766441,0.09119148,0.01248966
17.78651882,7.07835973,0.07932029,0.07745818,-0.00725204
23.03656456,23.22746486,0.08740857,0.08506087,0.01553677
2.33251397,14.81471762,0.08878924,0.08366328,-0.01910563
6.28751186,21.47945003,0.07803282,0.10921208,0.00809475
28.79479806,3.20749571,0.07710273,0.07961188,-0.00523050
24.76758260,2.74428372,0.07038722,0.06946020,-0.00417498
15.11217394,29.69702237,0.09009165,0.10745289,0.00818383
14.24789322,17.04865074,0.07829848,0.06562979,-0.01712754
14.71926321,18.56701369,0.07713853,0.07719834,-0.00601005
30.46972274,11.31503118,0.08985276,0.07973570,-0.00717508
11.71540802,10.86678355,0.06852164,0.06933431,-0.01481251
2.86484898,25.09636492,0.08839415,0.10663149,0.02103836
23.52877859,21.36005183,0.07103571,0.08744540,0.00164711
21.11946783,5.20419422,0.07862714,0.06897223,-0.00013841
1.56269386,25.93764200,0.06232723,0.07468068,0.01167519
26.38009099,6.29764363,0.08646159,0.07660750,-0.01355864
9.88585502,3.32596843,0.07592830,0.08640431,-0.00212985
15.75291090,3.91788761,0.07825329,0.08123557,0.00035883
9.56036846,27.21669177,0.08444626,0.08967899,0.02471360
28.57813815,5.79349960,0.07864433,0.07959031,-0.00683915
28.86212152,2.06940147,0.07451459,0.09408632,0.02042520
1.59444590,30.83491211,0.09123074,0.06709844,-0.00168625
19.45982827,6.07789872,0.07892479,0.08702412,0.01983183
29.72117163,15.14130229,0.07864118,0.10441187,-0.00567803
23.41963836,20.20810107,0.09424442,0.11483633,-0.02479531
9.50912787,6.62371329,0.07475246,0.08928091,0.02106234
15.97206577,9.48603754,0.08691988,0.08029026,0.00853799
19.26810012,3.52543682,0.09879030,0.07169023,-0.01048799
16.85937890,5.59361337,0.08718125,0.09402894,-0.00652389
5.38456336,21.99323097,0.10070699,0.06351775,-0.00778517
28.95991636,7.59266282,0.08239979,0.08764095,-0.01152543
14.08926754,16.19254241,0.08866268,0.06208833,0.00185667
4.26541781,14.33657829,0.08827553,0.08589122,-0.01166051
23.39245473,8.87169761,0.08272617,0.09441441,-0.00087839
3.56945676,12.32267819,0.07018594,0.09328202,0.00744800
17.93601732,28.50501032,0.08183182,0.08107638,0.00956272
28.80521353,28.11299743,0.09291609,0.06643649,-0.00074110
6.31805856,19.15128415,0.08283120,0.10870312,-0.01568725
21.42224967,29.74794352,0.08178653,0.07908488,-0.00201812
0.17151684,12.73169524,0.08321178,0.06752033,0.00729993
30.76906176,9.27841842,0.07001868,0.09691419,-0.00760680
26.04084155,24.35973105,0.08588204,0.07170794,0.01315708
6.08059543,17.17426331,0.07876287,0.07938994,-0.02618843
0.42518896,0.81761837,0.07553330,0.06419487,-0.00252659
14.97147420,6.63019654,0.08927394,0.07394264,0.00153420
30.25614068,25.63057669,0.09972158,0.07813911,0.01031391
19.88299985,30.54300304,0.05992331,0.08367393,-0.00539856
11.63684796,16.09379969,0.07459583,0.08244168,-0.01835354
16.44691195,25.64258562,0.07704885,0.10253021,-0.01022463
0.47094246,20.55479726,0.08470799,0.08131765,-0.00059428
27.10803547,6.99815166,0.08540070,0.07815670,-0.00061868
18.74924113,5.26988765,0.09116054,0.10713297,-0.01546902
9.70260561,23.27466761,0.06704882,0.09049236,-0.00926254
8.17420996,24.56740974,0.08926774,0.08230485,-0.01263491
5.72961198,10.18545602,0.10339206,0.08262835,-0.00878030
6.90613420,1.68434756,0.06401425,0.07186111,-0.00705408
20.73222334,8.03389477,0.08797858,0.08870119,0.00274434
11.88306453,28.41361075,0.09182405,0.08735154,-0.00962079
12.16258192,13.77655326,0.09829775,0.10191977,0.00832412
4.28158311,20.49917648,0.08325257,0.08130601,0.00245733
6.66287759,17.98333413,0.08150864,0.06856597,-0.00623127
12.12924691,8.11899140,0.09140510,0.06843985,-0.01372984
27.65669857,1.59616599,0.09397730,0.06867170,0.01103571
17.40427818,25.94642566,0.06730413,0.06142269,-0.00071409
21.96593939,20.23252842,0.08419430,0.06222248,0.01282946
7.82224417,15.75060658,0.07585676,0.08245189,0.00667915
22.85733701,7.54309448,0.09129871,0.06476129,0.01687632
0.80448532,6.16235495,0.07816190,0.07827577,0.01467723
24.30923921,12.47293901,0.08906070,0.07490498,0.02533971
13.27848828,1.21952627,0.07956459,0.08686055,0.00743790
18.37560006,4.25768411,0.09786501,0.07049243,0.00343361
4.12333253,22.60719563,0.09824189,0.07864182,-0.02456689
14.52655358,5.72831658,0.09482225,0.08750666,-0.00499781
0.19431435,18.53063093,0.08384981,0.08068877,0.01195237
1.07424968,13.24832659,0.06919608,0.08841762,0.01795165
21.78621302,13.26393282,0.10474637,0.08837000,-0.00697195
27.90403671,5.03679265,0.08932744,0.07309424,-0.00540837
31.13933418,11.93868636,0.08215047,0.08356074,-0.00932547
2.30470658,23.98348233,0.07456247,0.10173643,0.00439579
13.39672307,25.52477728,0.09088522,0.07981184,-0.00035451
8.02866043,17.73219788,0.08993733,0.07969796,-0.01186270
23.58831472,10.98175138,0.08759129,0.05970426,0.00909651
10.83813293,0.70527651,0.09137048,0.09979063,0.01893626
27.33770624,19.77584743,0.06977203,0.07875273,0.00976635
0.10172593,22.56574059,0.09903791,0.09864362,0.00364006
24.25319090,9.57761299,0.07108102,0.06233061,0.01941057
25.27987644,14.24677338,0.08258766,0.08033398,0.00311541
14.79127407,31.57158328,0.09881324,0.06405519,0.01738531
11.34787950,9.10355579,0.07773519,0.11003731,0.00568790
30.21407406,20.99415210,0.07784595,0.07920560,0.00495032
5.79214176,12.23842017,0.09565806,0.08250972,0.00959599
29.14693726,20.69523109,0.07584745,0.08663014,-0.00626683
8.04709848,4.06888958,0.09186145,0.07890696,0.00564899
4.12234167,30.29416105,0.08996959,0.10423739,-0.01694477
7.80490517,0.79939223,0.12113221,0.08478742,0.00697325
30.42908000,6.32575428,0.08201903,0.08176987,0.00414543
11.20039442,10.19863137,0.08649611,0.08853836,-0.03144106
18.37240583,25.56922361,0.09058325,0.08784562,0.01306439
28.05404970,19.11986309,0.08571447,0.10532847,0.01029612
3.94360361,3.77342295,0.07058283,0.08473664,0.01518497
15.75039239,23.82873592,0.08127624,0.06896503,-0.01384277
21.93416921,4.57198914,0.07672330,0.07863427,-0.00895723
13.84465238,6.70197964,0.10098212,0.08931472,0.00352972
20.07544622,31.57692015,0.11099253,0.08164707,0.00103216
15.94044220,24.81051093,0.07741851,0.07478683,0.00041759
9.69221549,11.81548799,0.07720598,0.10275395,-0.00990969
28.23071126,6.78495959,0.08753774,0.07123992,0.00488729
18.91235965,13.60856081,0.07432947,0.09316316,-0.00496190
12.85388694,12.92979549,0.05858336,0.08226282,-0.00548408
18.87564764,0.07668253,0.09332972,0.06626731,-0.00176161
16.59191031,23.02001813,0.08166770,0.09765906,0.00739931
22.94787851,26.96525657,0.09532712,0.05994955,-0.00407454
21.37752386,24.60481657,0.09327919,0.08013601,-0.00859900
24.11315718,24.40935928,0.08066431,0.08885117,0.02179244
2.74162152,18.04347689,0.08086719,0.10453182,0.00770145
7.77365106,1.81667070,0.07313498,0.08686816,-0.01715983
7.91330865,14.50792091,0.06844859,0.08899002,0.00346586
3.84524204,10.25535901,0.09030742,0.08423449,0.01371152
7.96675938,29.55695213,0.08373847,0.08585978,-0.01738969
22.52344589,30.18744160,0.09151272,0.10322917,-0.00516062
16.17619051,29.40592995,0.09260926,0.06905929,0.00232331
13.40550536,15.53392528,0.09661742,0.07365612,-0.00255810
6.30934769,27.46340878,0.09095601,0.06828175,0.00962709
4.09789461,25.54709296,0.09675661,0.06670524,0.00566767
4.23797652,15.44352736,0.07191761,0.09057796,-0.00149778
3.24463307,29.90222880,0.06163296,0.07313657,0.00859217
2.10835137,22.26282804,0.08037145,0.08014860,0.01688271
15.97539591,5.00198158,0.06198529,0.06617731,0.00673411
11.88344380,20.21035711,0.09746122,0.08797687,0.01291252
28.85530548,12.30120775,0.06860229,0.09194159,0.00912577
1.24702060,19.06906073,0.09270324,0.06939295,0.00540843
20.92648842,13.96514154,0.09937430,0.09092510,0.00309108
6.13224666,20.34217477,0.07446956,0.10086174,-0.01121002
3.23721403,31.09975160,0.07702789,0.09432716,-0.00256457
6.00251476,0.38070649,0.06300528,0.07785105,-0.02123965
3.40281001,16.08811953,0.08438379,0.06722979,-0.00025103
14.04143028,10.10477114,0.07469093,0.08935993,0.01414984
31.40410639,2.75790560,0.07015347,0.08344403,0.00421616
9.76817596,18.98723714,0.07585432,0.10628219,0.02769761
23.39128365,18.01725991,0.08966911,0.06794362,0.00988156
18.66057823,19.34112076,0.10259217,0.08822350,0.01297485
27.47897426,25.68002758,0.08698687,0.08721023,-0.00529743
16.96586354,8.97855131,0.08838674,0.08027772,-0.00158457
4.30281029,16.64910459,0.09282245,0.09426130,-0.00793616
1.84490549,24.99935959,0.08307963,0.08250666,0.00100251
21.75800438,25.62098157,0.07450061,0.08016331,-0.00293211
8.88234808,1.42397435,0.11163179,0.08270432,-0.00124072
18.28032913,0.91144951,0.08866628,0.09666026,0.00172300
5.35735300,23.91839630,0.08680545,0.08266636,-0.00640384
13.28043556,10.65958553,0.07642861,0.08645636,0.00317494
24.47300909,29.34751539,0.06760100,0.12003595,0.00261195
7.93819483,16.73895448,0.08295034,0.06805907,0.01114400
6.74583010,6.65894377,0.08328218,0.08456568,-0.00004613
18.62749862,7.69319804,0.08062567,0.07220195,0.00620104
1.43865563,29.88881150,0.10384981,0.07327204,-0.00576909
22.52764262,21.06043138,0.09136593,0.09238113,-0.01981518
24.93090593,23.92637750,0.07306296,0.08772881,0.00205498
4.20303899,23.64816931,0.09275175,0.09411291,0.02015989
0.48706350,13.94689404,0.07423990,0.07633112,0.00575165
4.40813214,1.99106583,0.07427128,0.08645841,0.00839698
21.18499280,1.83570719,0.07744513,0.08504533,-0.00521518
31.24917195,29.84930200,0.06287148,0.09230272,-0.00105392
5.98289894,22.73026804,0.08593032,0.09182861,-0.02517470
23.01263515,3.76694943,0.10421973,0.09933920,-0.01754454
28.48365104,17.81903524,0.08387465,0.07791128,-0.02093843
19.82224613,20.79973164,0.06915664,0.10353108,-0.01428666
17.34892005,2.69697517,0.06963788,0.08369153,0.00371614
14.82989439,21.14866041,0.08312766,0.07103310,0.01070650
2.37435442,15.79394560,0.09327521,0.08827391,0.01411912
16.71501095,4.46282091,0.07890032,0.08119756,0.01874317
16.29068794,19.99088025,0.08804511,0.07929840,-0.00728783
12.31306926,19.31729843,0.06275039,0.09204633,-0.00558066
13.01976444,14.63747915,0.06928659,0.07031005,0.00692451
13.90237041,21.60670195,0.07638584,0.11345406,0.01157238
29.81412517,16.25319496,0.07656367,0.08859711,-0.01005269
29.43180639,24.63582371,0.09969059,0.10353152,0.01076755
7.04883234,31.50921307,0.08274921,0.09947008,0.00702446
25.09866967,7.96194194,0.07643824,0.08497218,-0.00487533
30.14346155,4.56128961,0.08279599,0.08652843,-0.01249872
17.80249000,8.23869123,0.06724560,0.08797860,0.00145424
25.10835536,18.73073609,0.09214599,0.07897524,-0.00596713
13.78727447,3.08783836,0.09569342,0.08057331,-0.01307941
3.59277638,5.36901259,0.08840361,0.07047095,0.01888859
8.69274102,11.80757379,0.07234895,0.07630226,0.02582611
15.24557908,27.69787121,0.08353034,0.06693092,-0.01463597
2.66466803,2.03665390,0.07306441,0.09967929,0.00769234
24.50193871,11.59405747,0.09929237,0.07090978,0.00343963
27.88170068,7.71483746,0.09326671,0.07156610,-0.00269459
25.78865045,5.55418164,0.06081851,0.09263779,-0.01137473
3.52005684,26.27008118,0.07206150,0.09219840,0.02189654
31.53656119,1.66161363,0.09244952,0.08640348,0.00164810
22.51446959,10.64949020,0.09816472,0.09328987,0.00479915
8.45352310,2.43948960,0.06050971,0.06752244,0.00023660
2.35153621,31.56598763,0.06727189,0.08854170,0.00049957
14.72319299,23.80656482,0.08406746,0.09857626,-0.00134580
2.90831708,23.00459698,0.12440907,0.07277292,-0.00354295
5.14967547,0.22759172,0.06962555,0.08849763,-0.00560523
18.47260335,27.63724649,0.09473084,0.07388752,0.00410243
16.12697064,16.99528229,0.08357681,0.08512833,-0.01103149
14.08573914,14.72613095,0.07769310,0.09396000,0.00565243
23.20452665,16.22648090,0.08807854,0.07752660,-0.01085041
27.47297708,3.42756462,0.08507490,0.07669021,-0.00846784
22.57907930,15.50490689,0.10068581,0.07959270,-0.00187730
6.72791613,2.68319630,0.09891611,0.07278268,-0.01208888
5.96447087,29.15971066,0.09865435,0.07959403,-0.00108817
20.61856010,12.97122473,0.08283361,0.09245845,-0.00149914
24.31570900,20.61030466,0.07570867,0.08602277,-0.00060847
14.81128526,15.58510742,0.09586148,0.07142948,0.00455483
31.62216481,27.81735802,0.05949664,0.09160439,0.01469228
17.71741327,10.44812389,0.07636020,0.09297706,-0.01338045
25.57706043,31.14489238,0.08614323,0.06997240,0.00541052
27.03792502,2.38828510,0.07829916,0.08013428,0.00353771
4.99625095,22.98045850,0.06164531,0.08353956,0.00195665
17.84535537,6.05432256,0.09650091,0.07353416,-0.00876854
27.92058634,12.64138625,0.06672049,0.08278911,-0.00942634
8.62609409,9.33541098,0.07416204,0.10395225,0.01546214
19.78057153,8.31777919,0.08837068,0.09055393,0.01309834
0.23782106,19.54311160,0.08782662,0.07994870,-0.00126165
25.27402109,6.58855396,0.08052912,0.10593869,0.00585904
5.39185695,30.07697347,0.08884631,0.06619234,0.00206954
8.40499555,21.96698945,0.09924507,0.07754280,-0.02706917
12.41334472,1.97436525,0.07819311,0.07557428,-0.00462010
28.79051936,14.72331293,0.07459075,0.08184515,0.00366774
2.15084323,1.06553760,0.10071973,0.09649140,0.00151575
22.91505818,18.86242518,0.08724086,0.07097513,0.01440424
10.66752381,24.70390490,0.08839920,0.08303388,0.00451864
30.52323813,24.67975492,0.08844875,0.08141410,-0.00235021
17.81820347,17.86325295,0.07152864,0.05807224,-0.00362387
5.65931238,16.49932145,0.09151871,0.06616737,-0.03273450
18.05274151,26.65632259,0.08024397,0.08861799,-0.01462180
29.98388822,19.99566651,0.08297172,0.07368023,-0.00559486
26.17114191,29.53823012,0.06950309,0.06487988,-0.00243010
29.14795029,29.05260347,0.09349123,0.06213278,-0.00221695
16.05143611,8.47789498,0.07181947,0.06768129,-0.00545995
7.06817361,22.70803387,0.09338837,0.06961665,0.00126441
18.96913664,1.69859058,0.07766193,0.06068388,0.00278125
28.18357548,8.61482548,0.08353666,0.07797441,-0.02281880
12.16157728,18.07606330,0.06843801,0.10101767,0.00810865
21.19014108,28.70259331,0.10836472,0.07827686,-0.00138204
4.55194861,28.40208007,0.09099791,0.07554984,0.00226003
0.72107879,27.32217731,0.07538610,0.07667637,0.00323611
22.04567129,26.59998948,0.06946206,0.09243084,-0.00162401
19.94476727,5.15519770,0.09400593,0.06447423,-0.01456903
6.51909884,5.53567628,0.07923979,0.08599832,-0.00467647
27.04997032,15.48671825,0.07079607,0.08229871,0.01058756
10.17769437,6.01083135,0.09263465,0.07105454,0.00604756
10.64193854,15.93107588,0.07080830,0.08302009,0.00635141
7.41623073,8.64964601,0.12732635,0.06743276,0.00520680
19.02189046,26.76861151,0.07473219,0.07354783,0.01166309
21.98961462,22.81682518,0.08837445,0.07259260,-0.01093323
19.73523750,12.69296960,0.07772103,0.09904480,-0.01830997
25.39576787,9.67496723,0.08618937,0.10991673,-0.01138518
17.51944751,18.69111459,0.10275433,0.06701599,0.02094744
24.36582782,13.56235686,0.09837963,0.06910159,-0.00349948
10.15276535,1.55929398,0.09398476,0.06387469,-0.00327263
15.11557104,14.67374783,0.07821736,0.08377235,0.01411548
9.18486297,21.12839991,0.11983816,0.09569027,0.00641576
28.99887062,4.74661230,0.08932070,0.09020367,0.00007149
16.03249694,30.36642135,0.06843769,0.07353598,0.00054968
24.50110988,0.81504642,0.06816542,0.06189614,0.01741646
7.39642674,30.51007162,0.09431383,0.08695466,-0.00077532
21.36111186,18.39371763,0.06668682,0.06728691,-0.00311496
7.72901092,3.02669213,0.07841598,0.09340419,0.01666458
26.39511552,1.62517100,0.08160152,0.08409153,-0.00642020
22.15441283,23.80485942,0.07696457,0.08331272,-0.00002750
4.29331084,19.46344849,0.07910808,0.07948850,0.00105665
25.26096920,21.13897472,0.08623455,0.06096400,-0.00566330
16.72285452,21.45652521,0.07177742,0.06763228,-0.00586828
31.01798008,20.24951842,0.08497408,0.07787625,0.00036512
5.66322280,9.15022455,0.07035326,0.07969169,-0.00272821
25.33090522,13.15237069,0.09463800,0.07689624,0.00447734
17.96946584,9.30925059,0.07957756,0.08741644,-0.00782066
18.60557102,10.91962534,0.08365895,0.08260804,0.00695077
26.15185396,18.22080105,0.09015117,0.08418581,-0.01968502
12.45697813,23.68000127,0.08798817,0.10091199,-0.00362034
24.18080098,14.41918311,0.09446285,0.06998137,0.02187203
17.33380565,1.52655601,0.08824190,0.08168607,-0.00389405
28.03984095,10.43327998,0.08264605,0.08515451,-0.01013407
1.77861902,12.69588262,0.09430034,0.08116941,0.01425686
24.50090032,7.15909365,0.06996064,0.06718258,0.00277827
10.04120702,29.88010783,0.10629937,0.08860344,-0.03594674
13.94682896,0.48642879,0.08872149,0.08156592,0.00831301
28.17004883,11.46576331,0.09196226,0.08605494,0.00631444
1.87899408,18.35674110,0.06648607,0.07435056,0.00608234
27.37552589,18.18976838,0.10859775,0.07946096,0.03101651
17.56850975,12.75026261,0.09059884,0.08599126,-0.00899920
27.24602975,11.96600091,0.07792522,0.08290411,-0.00613486
5.16360103,14.85756371,0.08116760,0.07758531,-0.00599711
5.28822939,19.10359859,0.07573909,0.05932735,0.00614926
1.29054311,3.32297371,0.06826750,0.09254345,0.00897302
5.14733721,27.42925595,0.08265446,0.07715285,-0.01036613
22.85297938,25.90107002,0.07584706,0.07656745,0.00124851
29.66736660,5.56639642,0.08672528,0.08055031,-0.00123314
1.88990257,27.01092339,0.10056001,0.08493357,0.00490711
2.41633603,21.41287796,0.07818154,0.06402979,0.00150492
17.89843744,13.61141176,0.08756678,0.07341895,-0.01063839
2.31045097,5.06428686,0.10936695,0.07157574,-0.00178049
13.20995060,8.40953210,0.08692047,0.07845659,0.01059687
26.18002848,13.78200321,0.06981149,0.08799291,-0.00283917
15.67281943,18.21333064,0.06681327,0.09033240,-0.00052210
16.09701319,0.16030074,0.10459098,0.08001531,0.01116535
20.33893002,24.37808220,0.07476995,0.09130182,0.00690339
22.41166117,6.63807632,0.08289423,0.07328904,-0.00556148
9.38659297,10.02502347,0.08945169,0.08507141,-0.00912717
20.45106089,3.56030610,0.10731564,0.06161898,-0.01260117
26.52208620,20.20967412,0.08444992,0.07716575,0.00263979
5.65585188,11.24245390,0.05173117,0.08039382,0.01083293
16.88625242,6.68774834,0.06290723,0.10258530,0.00147210
25.53289651,1.19840544,0.07653735,0.10316496,-0.00383922
10.39422741,8.68352606,0.06724399,0.07378145,0.00121744
7.73530562,26.40601360,0.08722034,0.07516724,-0.02708239
11.96494678,29.71020540,0.06841596,0.08500207,0.02223253
12.10555220,5.72027097,0.08401041,0.07191780,0.00329937
7.14879417,29.18049602,0.07382482,0.07826152,-0.01144897
20.43253183,7.01338007,0.07346576,0.09046547,0.01887954
7.97952484,23.04341567,0.06611532,0.09084456,-0.00230290
6.77737505,12.05298920,0.08936728,0.09526595,0.00245416
10.10520850,13.33254036,0.07823105,0.06272909,0.02112469
14.61002006,28.59007884,0.07780126,0.11491680,0.00716510
22.38933807,31.52444541,0.09364281,0.09665710,-0.00907967
